outcome,n_splits,mean_diff,std_diff,pct_p_below_05,expected_if_null
hhi,1000,3.401115462150432e-06,0.0003714712451699401,0.058,0.05
sector_hhi,1000,-1.0209261075395936e-06,0.0012366584570813039,0.047,0.05
portfolio_beta,1000,-0.0001300241669866683,0.0026153710164018005,0.057,0.05
portfolio_vol,1000,0.0009293835334001841,0.03909228670698094,0.049,0.05
