outcome,n_splits,mean_diff,std_diff,pct_p_below_05,expected_if_null
hhi,1000,-5.1184520971005805e-06,0.00026893290814647257,0.055,0.05
sector_hhi,1000,6.71683057432218e-06,0.000914355677639103,0.046,0.05
portfolio_beta,1000,2.4356129360000866e-05,0.0027001096432330445,0.058,0.05
portfolio_vol,1000,0.0025686655939200164,0.0403300019323127,0.049,0.05
